<metadata xml:lang="en"><Esri><scaleRange><minScale>5000000</minScale><maxScale>5000</maxScale></scaleRange><DataProperties><itemProps><itemName Sync="TRUE">HRCD_2011_2013</itemName><imsContentType Sync="TRUE">002</imsContentType><nativeExtBox><westBL Sync="TRUE">944163.500000</westBL><eastBL Sync="TRUE">1467932.500000</eastBL><southBL Sync="TRUE">467670.500000</southBL><northBL Sync="TRUE">1348338.500000</northBL><exTypeCode Sync="TRUE">1</exTypeCode></nativeExtBox><itemLocation><linkage Sync="TRUE">file://\\dfwolyhome\home\mullemtm\GLAD\HRCD_2011_2013.shp</linkage><protocol Sync="TRUE">Local Area Network</protocol></itemLocation><itemSize Sync="TRUE">0.000</itemSize></itemProps><coordRef><type Sync="TRUE">Projected</type><geogcsn Sync="TRUE">GCS_North_American_1983</geogcsn><csUnits Sync="TRUE">Linear Unit: Foot_US (0.304801)</csUnits><projcsn Sync="TRUE">NAD_1983_StatePlane_Washington_South_FIPS_4602_Feet</projcsn><peXml Sync="TRUE">&lt;ProjectedCoordinateSystem xsi:type='typens:ProjectedCoordinateSystem' xmlns:xsi='http://www.w3.org/2001/XMLSchema-instance' xmlns:xs='http://www.w3.org/2001/XMLSchema' xmlns:typens='http://www.esri.com/schemas/ArcGIS/10.1'&gt;&lt;WKT&gt;PROJCS[&amp;quot;NAD_1983_StatePlane_Washington_South_FIPS_4602_Feet&amp;quot;,GEOGCS[&amp;quot;GCS_North_American_1983&amp;quot;,DATUM[&amp;quot;D_North_American_1983&amp;quot;,SPHEROID[&amp;quot;GRS_1980&amp;quot;,6378137.0,298.257222101]],PRIMEM[&amp;quot;Greenwich&amp;quot;,0.0],UNIT[&amp;quot;Degree&amp;quot;,0.0174532925199433]],PROJECTION[&amp;quot;Lambert_Conformal_Conic&amp;quot;],PARAMETER[&amp;quot;False_Easting&amp;quot;,1640416.666666667],PARAMETER[&amp;quot;False_Northing&amp;quot;,0.0],PARAMETER[&amp;quot;Central_Meridian&amp;quot;,-120.5],PARAMETER[&amp;quot;Standard_Parallel_1&amp;quot;,45.83333333333334],PARAMETER[&amp;quot;Standard_Parallel_2&amp;quot;,47.33333333333334],PARAMETER[&amp;quot;Latitude_Of_Origin&amp;quot;,45.33333333333334],UNIT[&amp;quot;Foot_US&amp;quot;,0.3048006096012192],AUTHORITY[&amp;quot;EPSG&amp;quot;,2286]]&lt;/WKT&gt;&lt;XOrigin&gt;-117498300&lt;/XOrigin&gt;&lt;YOrigin&gt;-98850300&lt;/YOrigin&gt;&lt;XYScale&gt;37801315.839189909&lt;/XYScale&gt;&lt;ZOrigin&gt;-100000&lt;/ZOrigin&gt;&lt;ZScale&gt;10000&lt;/ZScale&gt;&lt;MOrigin&gt;-100000&lt;/MOrigin&gt;&lt;MScale&gt;10000&lt;/MScale&gt;&lt;XYTolerance&gt;0.0032808333333333331&lt;/XYTolerance&gt;&lt;ZTolerance&gt;0.001&lt;/ZTolerance&gt;&lt;MTolerance&gt;0.001&lt;/MTolerance&gt;&lt;HighPrecision&gt;true&lt;/HighPrecision&gt;&lt;WKID&gt;102749&lt;/WKID&gt;&lt;LatestWKID&gt;2286&lt;/LatestWKID&gt;&lt;/ProjectedCoordinateSystem&gt;</peXml></coordRef><lineage><Process ToolSource="c:\program files (x86)\arcgis\desktop10.2\ArcToolbox\Toolboxes\Conversion Tools.tbx\FeatureClassToFeatureClass" Date="20160413" Time="094653">FeatureClassToFeatureClass S:\HP\Science\pierce\RemoteSensingShared\Products\HRCD_1113_PS_Changes.gdb\HRCD_2011_2013_changes_v1beta H:\GLAD HRCD_2011_2013.shp # "AAClass "2011 Land Cover Classification code" true true false 4 Long 0 0 ,First,#,S:\HP\Science\pierce\RemoteSensingShared\Products\HRCD_1113_PS_Changes.gdb\HRCD_2011_2013_changes_v1beta,AAClass,-1,-1;CngAgent "Change Agent code" true true false 4 Long 0 0 ,First,#,S:\HP\Science\pierce\RemoteSensingShared\Products\HRCD_1113_PS_Changes.gdb\HRCD_2011_2013_changes_v1beta,CngAgent,-1,-1;WRIA "WRIA number" true true false 4 Long 0 0 ,First,#,S:\HP\Science\pierce\RemoteSensingShared\Products\HRCD_1113_PS_Changes.gdb\HRCD_2011_2013_changes_v1beta,WRIA,-1,-1;StartYr "Start Year" true true false 4 Long 0 0 ,First,#,S:\HP\Science\pierce\RemoteSensingShared\Products\HRCD_1113_PS_Changes.gdb\HRCD_2011_2013_changes_v1beta,StartYr,-1,-1;EndYr "End Year" true true false 4 Long 0 0 ,First,#,S:\HP\Science\pierce\RemoteSensingShared\Products\HRCD_1113_PS_Changes.gdb\HRCD_2011_2013_changes_v1beta,EndYr,-1,-1;PercentC "Total Change (percent)" true true false 8 Double 0 0 ,First,#,S:\HP\Science\pierce\RemoteSensingShared\Products\HRCD_1113_PS_Changes.gdb\HRCD_2011_2013_changes_v1beta,PercentC,-1,-1;TreeDec "Tree Decrease (percent)" true true false 8 Double 0 0 ,First,#,S:\HP\Science\pierce\RemoteSensingShared\Products\HRCD_1113_PS_Changes.gdb\HRCD_2011_2013_changes_v1beta,TreeDec,-1,-1;ImpervInc "Impervious Increase (percent)" true true false 8 Double 0 0 ,First,#,S:\HP\Science\pierce\RemoteSensingShared\Products\HRCD_1113_PS_Changes.gdb\HRCD_2011_2013_changes_v1beta,ImpervInc,-1,-1;SemiInc "Semi-pervious Increase (percent)" true true false 8 Double 0 0 ,First,#,S:\HP\Science\pierce\RemoteSensingShared\Products\HRCD_1113_PS_Changes.gdb\HRCD_2011_2013_changes_v1beta,SemiInc,-1,-1;Acres "Area (acres)" true true false 8 Double 0 0 ,First,#,S:\HP\Science\pierce\RemoteSensingShared\Products\HRCD_1113_PS_Changes.gdb\HRCD_2011_2013_changes_v1beta,Acres,-1,-1;Shape_Leng "Shape_Length" false true true 8 Double 0 0 ,First,#,S:\HP\Science\pierce\RemoteSensingShared\Products\HRCD_1113_PS_Changes.gdb\HRCD_2011_2013_changes_v1beta,Shape_Length,-1,-1;Shape_Area "Shape_Area" false true true 8 Double 0 0 ,First,#,S:\HP\Science\pierce\RemoteSensingShared\Products\HRCD_1113_PS_Changes.gdb\HRCD_2011_2013_changes_v1beta,Shape_Area,-1,-1;Elevation "Elevation (feet)" true true false 8 Double 0 0 ,First,#,S:\HP\Science\pierce\RemoteSensingShared\Products\HRCD_1113_PS_Changes.gdb\HRCD_2011_2013_changes_v1beta,Elevation,-1,-1;AAClassN "2011 Land Cover Classification name" true true false 255 Text 0 0 ,First,#,S:\HP\Science\pierce\RemoteSensingShared\Products\HRCD_1113_PS_Changes.gdb\HRCD_2011_2013_changes_v1beta,AAClassN,-1,-1;CngAgnNm "Change Agent name" true true false 255 Text 0 0 ,First,#,S:\HP\Science\pierce\RemoteSensingShared\Products\HRCD_1113_PS_Changes.gdb\HRCD_2011_2013_changes_v1beta,CngAgnNm,-1,-1;Phase2ID "Phase 2 Identification Number" true true false 255 Text 0 0 ,First,#,S:\HP\Science\pierce\RemoteSensingShared\Products\HRCD_1113_PS_Changes.gdb\HRCD_2011_2013_changes_v1beta,Phase2ID,-1,-1;EditDate "EditDate" true true false 8 Date 0 0 ,First,#,S:\HP\Science\pierce\RemoteSensingShared\Products\HRCD_1113_PS_Changes.gdb\HRCD_2011_2013_changes_v1beta,EditDate,-1,-1" #</Process></lineage></DataProperties><SyncDate>20160413</SyncDate><SyncTime>09461100</SyncTime><ModDate>20160413</ModDate><ModTime>09461100</ModTime></Esri><mdLang><languageCode value="eng"/><countryCode value="USA" Sync="TRUE"></countryCode></mdLang><mdChar><CharSetCd value="004"/></mdChar><mdHrLv><ScopeCd value="005"/></mdHrLv><mdMaint><maintFreq><MaintFreqCd value="009"/></maintFreq><maintNote>Last metadata review date: 2016-04-11</maintNote><maintCont><rpOrgName>Washington Department of Fish and Wildlife</rpOrgName><role><RoleCd value="006"/></role><rpIndName>Ken Pierce</rpIndName><rpPosName>Senior GIS Spatial Analyst</rpPosName><rpCntInfo><cntAddress addressType="postal"><delPoint>600 Capitol Way North</delPoint><city>Olympia</city><adminArea>Washington</adminArea><postCode>98501-1091</postCode><eMailAdd>Kenneth.PierceJr@dfw.wa.gov</eMailAdd><country>US</country></cntAddress><cntPhone><voiceNum>(360) 902-2564</voiceNum><faxNum>(360) 902-2946</faxNum></cntPhone><cntHours>Monday through Friday 8 a.m. to 5 p.m.</cntHours><cntInstr>Email or phone during hours of service.</cntInstr></rpCntInfo><displayName>Ken Pierce</displayName></maintCont></mdMaint><mdContact><rpIndName>Ken Pierce</rpIndName><rpOrgName>Washington Department of Fish and Wildlife</rpOrgName><rpPosName>Senior GIS Spatial Analyst</rpPosName><rpCntInfo><cntPhone><voiceNum>(360) 902-2564</voiceNum><faxNum>(360) 902-2946</faxNum></cntPhone><cntAddress addressType="postal"><delPoint>600 Capitol Way North</delPoint><city>Olympia</city><adminArea>Washington</adminArea><postCode>98501-1091</postCode><country>US</country><eMailAdd>Kenneth.PierceJr@dfw.wa.gov</eMailAdd></cntAddress><cntHours>Monday through Friday 8 a.m. to 5 p.m.</cntHours><cntInstr>Email or phone during hours of service.</cntInstr></rpCntInfo><role><RoleCd value="007"/></role></mdContact><distInfo><distributor><distorCont><rpIndName>Ken Pierce</rpIndName><rpOrgName>Washington Department of Fish and Wildlife</rpOrgName><rpPosName>Senior GIS Spatial Analyst</rpPosName><rpCntInfo><cntPhone><voiceNum>(360) 902-2564</voiceNum><faxNum>(360) 902-2946</faxNum></cntPhone><cntAddress addressType="postal"><delPoint>600 Capitol Way North</delPoint><city>Olympia</city><adminArea>Washington</adminArea><postCode>98501-1091</postCode><country>US</country><eMailAdd>Kenneth.PierceJr@dfw.wa.gov</eMailAdd></cntAddress><cntHours>Monday through Friday 8 a.m. to 5 p.m.</cntHours><cntInstr>Email or phone during hours of service.</cntInstr></rpCntInfo><role><RoleCd value="005"/></role></distorCont><distorOrdPrc><resFees>Data is provided free of charge.</resFees><ordInstr>Change polygons will be made available as a web download or upon request. The website for the project is still under construction as of 2/1/2014. Other data is available upon request but will require the requester to provide the storage media as many data sets exceed 1 GB.</ordInstr><ordTurn>The time it takes to fill requests varies between one and eight weeks.</ordTurn></distorOrdPrc><distorFormat><formatName>File Geodatabase Feature Class</formatName><formatVer>ArcGIS 10.2.2</formatVer><distorFormat><formatName>Shapefile</formatName><formatVer>ArcGIS 10.2.2</formatVer></distorFormat></distorFormat><distorTran><offLineMed><medName><MedNameCd value="002"/></medName><medFormat><MedFormCd value="004"/></medFormat></offLineMed></distorTran><distorFormat><formatName>Shapefile</formatName><formatVer>ArcGIS 10.2.2</formatVer></distorFormat></distributor><distFormat><formatName Sync="TRUE">Shapefile</formatName></distFormat><distTranOps><transSize Sync="TRUE">0.000</transSize></distTranOps></distInfo><dataIdInfo><idCitation><date><pubDate>2016-04-11</pubDate><reviseDate></reviseDate></date><resEd>1.beta</resEd><resEdDate>2016-04-11</resEdDate><citRespParty><rpOrgName>Washington Department of Fish and Wildlife, Ken Pierce, Senior GIS Spatial Analyst</rpOrgName><role><RoleCd value="006"/></role></citRespParty><presForm><PresFormCd value="005"/></presForm><presForm><fgdcGeoform>vector digital data</fgdcGeoform></presForm><resTitle Sync="FALSE">Puget Sound High Resolution Change Detection 2011-2013</resTitle><resAltTitle>WDFW Puget Sound Change Map 2011-2013</resAltTitle><collTitle>WDFW High Resolution Change Detection</collTitle></idCitation><idAbs>&lt;DIV STYLE="text-align:Left;"&gt;&lt;DIV&gt;&lt;DIV&gt;&lt;P&gt;&lt;SPAN&gt;This dataset represents modeled change polygons derived from NAIP imagery for the State of Washington.&lt;/SPAN&gt;&lt;/P&gt;&lt;/DIV&gt;&lt;/DIV&gt;&lt;/DIV&gt;</idAbs><idPurp>This dataset is designed to provide trend information for land cover change within the Puget Sound basin. The polygons represent areas that have significantly lost vegetation or have been converted to quasi-permanent use (i.e. roads, buildings).</idPurp><idCredit>Washington Department of Fish and Wildlife</idCredit><idStatus><ProgCd value="001"/></idStatus><idPoC><rpIndName>Ken Pierce</rpIndName><rpOrgName>Washington Department of Fish and Wildlife</rpOrgName><rpPosName>Senior GIS Spatial Analyst</rpPosName><rpCntInfo><cntPhone><voiceNum>(360) 902-2564</voiceNum><faxNum>(360) 902-2946</faxNum></cntPhone><cntAddress addressType="postal"><delPoint>600 Capitol Way North</delPoint><city>Olympia</city><adminArea>Washington</adminArea><postCode>98501-1091</postCode><country>US</country><eMailAdd>Kenneth.PierceJr@dfw.wa.gov</eMailAdd></cntAddress><cntHours>Monday through Friday 8 a.m. to 5 p.m.</cntHours><cntInstr>Email or phone during hours of service.</cntInstr></rpCntInfo><role><RoleCd value="007"/></role></idPoC><resMaint><maintFreq><MaintFreqCd value="009"/></maintFreq></resMaint><placeKeys><keyword>Puget Sound</keyword><keyword>Pacific Northwest</keyword><keyword>Washington State</keyword></placeKeys><tempKeys><keyword>2011</keyword><keyword>2013</keyword></tempKeys><themeKeys><thesaName><resTitle>ISO 19115 Topic Categories</resTitle></thesaName><keyword>imageryBaseMapsEarthCover</keyword><keyword>biota</keyword></themeKeys><themeKeys><keyword>Change Detection</keyword><keyword>Land Cover</keyword><keyword>Fish habitat</keyword><keyword>WRIA</keyword><keyword>Water Resource Inventory Area</keyword><keyword>NAIP</keyword><keyword>National Agriculture Imagery Program</keyword><keyword>WDFW</keyword><keyword>Washington Department of Fish and Wildlife</keyword></themeKeys><searchKeys><keyword>Change Detection</keyword><keyword>Land Cover</keyword><keyword>Fish habitat</keyword><keyword>WRIA</keyword><keyword>Water Resource Inventory Area</keyword><keyword>NAIP</keyword><keyword>National Agriculture Imagery Program</keyword><keyword>Puget Sound</keyword><keyword>Pacific Northwest</keyword><keyword>Washington State</keyword><keyword>WDFW</keyword><keyword>Washington Department of Fish and Wildlife</keyword><keyword>biota</keyword><keyword>imageryBaseMapsEarthCover</keyword></searchKeys><resConst><LegConsts><useLimit>The Washington Department of Fish and Wildlife (WDFW) makes no guarantee concerning the data's content, accuracy, completeness, or the results obtained from queries or use of these data. WDFW makes no warranty of fitness for a particular purpose, no representation as to the quality of any data, and assumes no liability for the data represented here. These data do not represent exhaustive inventories, but are compilations of existing knowledge that are updated periodically as knowledge improves. This data should be used cautiously because they are not exhaustive, and are subject to change. When conducting projects or planning for fish and wildlife, please consider using additional information gathered from field investigations and consultations with WDFW or other professional biologists.</useLimit></LegConsts></resConst><resConst><Consts><useLimit>&lt;DIV STYLE="text-align:Left;"&gt;&lt;DIV&gt;&lt;DIV&gt;&lt;P&gt;&lt;SPAN&gt;Any products derived from these data should reference Washington Department of Fish and Wildlife as the source.&lt;/SPAN&gt;&lt;/P&gt;&lt;/DIV&gt;&lt;/DIV&gt;&lt;/DIV&gt;</useLimit></Consts></resConst><spatRpType><SpatRepTypCd value="001"/></spatRpType><dataLang><languageCode value="eng"/><countryCode value="USA" Sync="TRUE"></countryCode></dataLang><dataExt><geoEle><GeoBndBox><westBL>-124.695932</westBL><eastBL>-120.748256</eastBL><southBL>46.542735</southBL><northBL>49.026894</northBL></GeoBndBox></geoEle></dataExt><dataExt><exDesc>Ground condition; temporal period of NAIP photography dates (years).</exDesc><tempEle><TempExtent><exTemp><TM_Period><tmBegin>2011-01-01T00:00:00</tmBegin><tmEnd>2013-12-31T00:00:00</tmEnd></TM_Period></exTemp></TempExtent></tempEle><geoEle/></dataExt><tpCat><TopicCatCd value="010"/></tpCat><tpCat><TopicCatCd value="002"/></tpCat><tpCat><TopicCatCd value="001"/></tpCat><envirDesc Sync="TRUE">Microsoft Windows 7 Version 6.1 (Build 7601) Service Pack 1; Esri ArcGIS 10.2.2.3552</envirDesc><dataExt><geoEle><GeoBndBox esriExtentType="search"><exTypeCode Sync="TRUE">1</exTypeCode><westBL Sync="TRUE">-123.398257</westBL><eastBL Sync="TRUE">-121.186381</eastBL><northBL Sync="TRUE">49.027317</northBL><southBL Sync="TRUE">46.582279</southBL></GeoBndBox></geoEle></dataExt></dataIdInfo><dqInfo><dqScope><scpLvl><ScopeCd value="005"/></scpLvl></dqScope><report type="DQQuanAttAcc"><measDesc/><evalMethDesc>All attributes other than geometry were evaluated by an analyst viewing the individual polygon. Commission errors were eliminated by analyst review of all candidate change polygons. Omission errors were assessed through sampling. Additional information can be obtained by contacting Ken Pierce, 360 902-2564.</evalMethDesc><evalMethType><EvalMethTypeCd value="001"/></evalMethType><measResult><QuanResult><quanValUnit><UOM><unitSymbol>%</unitSymbol></UOM></quanValUnit><quanVal/></QuanResult></measResult></report><report dimension="horizontal" type="DQAbsExtPosAcc"><measDesc>Horizontal accuracy has not been determined.</measDesc></report><report dimension="vertical" type="DQAbsExtPosAcc"><measDesc>Vertical accuracy has not been determined.</measDesc></report><dataLineage><statement>This data set contains polygons derived from 1-meter imagery from the National Agriculture Imagery Program (NAIP).</statement><dataSource><srcDesc>NAIP acquires digital ortho imagery during the agricultural growing seasons in the continental U.S.. A primary goal of the NAIP program is to enable availability of ortho imagery within one year of acquisition. NAIP provides two main products: 1-meter ground sample distance (GSD) ortho imagery rectified to a horizontal accuracy of within +/- 5 meters of reference digital ortho quarter quads (DOQQ's) from the National Digital Ortho Program (NDOP); and, 2-meter GSD ortho imagery rectified to within +/- 10 meters of reference DOQQs. The tiling format of NAIP imagery is based on a 3.75' x 3.75' quarter quadrangle with a 300 meter buffer on all four sides. NAIP quarter quads are formatted to the UTM coordinate system using NAD83. NAIP imagery may contain as much as 10% cloud cover per tile. Files are generated by compressing NAIP quarter quadrangle tiles that cover a county. MrSID compression, with mosaic option, was used. Target values for the compression ratio are (15:1) and the maximum N-levels are used.</srcDesc><srcMedName><MedNameCd value="002"/></srcMedName><srcScale><rfDenom>12000</rfDenom></srcScale><srcCitatn><resTitle>National Agriculture Imagery Program (NAIP) Orthoimagery</resTitle><resAltTitle>National Agriculture Imagery Program (NAIP) Orthoimagery</resAltTitle><presForm><PresFormCd value="005"/></presForm><presForm><fgdcGeoform>remote-sensing image</fgdcGeoform></presForm><citOnlineRes><linkage>http://nationalmap.gov/viewer.html</linkage></citOnlineRes></srcCitatn><srcExt><exDesc>Aerial imagery was acquired during the agricultural growing season (summer, leaf-on).</exDesc><tempEle><TempExtent><exTemp><TM_Period><tmBegin>2011-01-01T00:00:00</tmBegin><tmEnd>2011-12-31T00:00:00</tmEnd></TM_Period></exTemp></TempExtent></tempEle><tempEle><TempExtent><exTemp><TM_Period><tmBegin>2013-01-01T00:00:00</tmBegin><tmEnd>2013-12-31T00:00:00</tmEnd></TM_Period></exTemp></TempExtent></tempEle></srcExt></dataSource></dataLineage></dqInfo><eainfo><detailed Name="HRCD_2011_2013"><enttyp><enttypd>Land Cover Change polygons</enttypd><enttypds>Washington Department of Fish and Wildlife</enttypds><enttypl Sync="TRUE">HRCD_2011_2013</enttypl><enttypt Sync="TRUE">Feature Class</enttypt><enttypc Sync="TRUE">0</enttypc></enttyp><attr><attrlabl Sync="TRUE">FID</attrlabl><attalias Sync="TRUE">FID</attalias><attrtype Sync="TRUE">OID</attrtype><attwidth Sync="TRUE">4</attwidth><atprecis Sync="TRUE">0</atprecis><attscale Sync="TRUE">0</attscale><attrdef Sync="TRUE">Internal feature number.</attrdef><attrdefs Sync="TRUE">Esri</attrdefs><attrdomv><udom Sync="TRUE">Sequential unique whole numbers that are automatically generated.</udom></attrdomv></attr><attr><attrlabl>Shape_Area</attrlabl><attrdef>Size of polygon, in feature class unit squares, automatically generated.</attrdef><attrdefs>ESRI</attrdefs><attrdomv><udom>Positive real numbers that are automatically generated.</udom></attrdomv><attalias Sync="TRUE">Shape_Area</attalias><attrtype Sync="TRUE">Double</attrtype><attwidth Sync="TRUE">19</attwidth><atprecis Sync="TRUE">0</atprecis><attscale Sync="TRUE">0</attscale></attr><attr><attrlabl>EditDate</attrlabl><attrdef>Date of manual edit or revision.</attrdef><attrdefs>Washington Department of Fish and Wildlife</attrdefs><attrdomv><udom>Calendar date.</udom></attrdomv><attalias Sync="TRUE">EditDate</attalias><attrtype Sync="TRUE">Date</attrtype><attwidth Sync="TRUE">8</attwidth><atprecis Sync="TRUE">0</atprecis><attscale Sync="TRUE">0</attscale></attr><attr><attrlabl Sync="TRUE">AAClass</attrlabl><attalias Sync="TRUE">AAClass</attalias><attrtype Sync="TRUE">Integer</attrtype><attwidth Sync="TRUE">9</attwidth><atprecis Sync="TRUE">9</atprecis><attscale Sync="TRUE">0</attscale></attr><attr><attrlabl Sync="TRUE">CngAgent</attrlabl><attalias Sync="TRUE">CngAgent</attalias><attrtype Sync="TRUE">Integer</attrtype><attwidth Sync="TRUE">9</attwidth><atprecis Sync="TRUE">9</atprecis><attscale Sync="TRUE">0</attscale></attr><attr><attrlabl Sync="TRUE">WRIA</attrlabl><attalias Sync="TRUE">WRIA</attalias><attrtype Sync="TRUE">Integer</attrtype><attwidth Sync="TRUE">9</attwidth><atprecis Sync="TRUE">9</atprecis><attscale Sync="TRUE">0</attscale></attr><attr><attrlabl Sync="TRUE">StartYr</attrlabl><attalias Sync="TRUE">StartYr</attalias><attrtype Sync="TRUE">Integer</attrtype><attwidth Sync="TRUE">9</attwidth><atprecis Sync="TRUE">9</atprecis><attscale Sync="TRUE">0</attscale></attr><attr><attrlabl Sync="TRUE">EndYr</attrlabl><attalias Sync="TRUE">EndYr</attalias><attrtype Sync="TRUE">Integer</attrtype><attwidth Sync="TRUE">9</attwidth><atprecis Sync="TRUE">9</atprecis><attscale Sync="TRUE">0</attscale></attr><attr><attrlabl Sync="TRUE">PercentC</attrlabl><attalias Sync="TRUE">PercentC</attalias><attrtype Sync="TRUE">Double</attrtype><attwidth Sync="TRUE">19</attwidth><atprecis Sync="TRUE">0</atprecis><attscale Sync="TRUE">0</attscale></attr><attr><attrlabl Sync="TRUE">TreeDec</attrlabl><attalias Sync="TRUE">TreeDec</attalias><attrtype Sync="TRUE">Double</attrtype><attwidth Sync="TRUE">19</attwidth><atprecis Sync="TRUE">0</atprecis><attscale Sync="TRUE">0</attscale></attr><attr><attrlabl Sync="TRUE">ImpervInc</attrlabl><attalias Sync="TRUE">ImpervInc</attalias><attrtype Sync="TRUE">Double</attrtype><attwidth Sync="TRUE">19</attwidth><atprecis Sync="TRUE">0</atprecis><attscale Sync="TRUE">0</attscale></attr><attr><attrlabl Sync="TRUE">SemiInc</attrlabl><attalias Sync="TRUE">SemiInc</attalias><attrtype Sync="TRUE">Double</attrtype><attwidth Sync="TRUE">19</attwidth><atprecis Sync="TRUE">0</atprecis><attscale Sync="TRUE">0</attscale></attr><attr><attrlabl Sync="TRUE">Shape_Leng</attrlabl><attalias Sync="TRUE">Shape_Leng</attalias><attrtype Sync="TRUE">Double</attrtype><attwidth Sync="TRUE">19</attwidth><atprecis Sync="TRUE">0</atprecis><attscale Sync="TRUE">0</attscale></attr><attr><attrlabl Sync="TRUE">Acres</attrlabl><attalias Sync="TRUE">Acres</attalias><attrtype Sync="TRUE">Double</attrtype><attwidth Sync="TRUE">19</attwidth><atprecis Sync="TRUE">0</atprecis><attscale Sync="TRUE">0</attscale></attr><attr><attrlabl Sync="TRUE">Elevation</attrlabl><attalias Sync="TRUE">Elevation</attalias><attrtype Sync="TRUE">Double</attrtype><attwidth Sync="TRUE">19</attwidth><atprecis Sync="TRUE">0</atprecis><attscale Sync="TRUE">0</attscale></attr><attr><attrlabl Sync="TRUE">AAClassN</attrlabl><attalias Sync="TRUE">AAClassN</attalias><attrtype Sync="TRUE">String</attrtype><attwidth Sync="TRUE">254</attwidth><atprecis Sync="TRUE">0</atprecis><attscale Sync="TRUE">0</attscale></attr><attr><attrlabl Sync="TRUE">CngAgnNm</attrlabl><attalias Sync="TRUE">CngAgnNm</attalias><attrtype Sync="TRUE">String</attrtype><attwidth Sync="TRUE">254</attwidth><atprecis Sync="TRUE">0</atprecis><attscale Sync="TRUE">0</attscale></attr><attr><attrlabl Sync="TRUE">Phase2ID</attrlabl><attalias Sync="TRUE">Phase2ID</attalias><attrtype Sync="TRUE">String</attrtype><attwidth Sync="TRUE">254</attwidth><atprecis Sync="TRUE">0</atprecis><attscale Sync="TRUE">0</attscale></attr><attr><attrlabl>Shape</attrlabl><attrdef>The geometry that represents the spatial component of the geographic features.</attrdef><attrdefs>ESRI</attrdefs><attrdomv><udom>Coordinates defining the features.</udom></attrdomv><attalias Sync="TRUE">Shape</attalias><attrtype Sync="TRUE">Geometry</attrtype><attwidth Sync="TRUE">0</attwidth><atprecis Sync="TRUE">0</atprecis><attscale Sync="TRUE">0</attscale></attr></detailed></eainfo><mdHrLvName Sync="TRUE">dataset</mdHrLvName><refSysInfo><RefSystem><refSysID><identCode code="2286" Sync="TRUE"></identCode><idCodeSpace Sync="TRUE">EPSG</idCodeSpace><idVersion Sync="TRUE">8.2.6</idVersion></refSysID></RefSystem></refSysInfo><spatRepInfo><VectSpatRep><geometObjs Name="HRCD_2011_2013"><geoObjTyp><GeoObjTypCd value="002" Sync="TRUE"></GeoObjTypCd></geoObjTyp><geoObjCnt Sync="TRUE">0</geoObjCnt></geometObjs><topLvl><TopoLevCd value="001" Sync="TRUE"></TopoLevCd></topLvl></VectSpatRep></spatRepInfo><spdoinfo><ptvctinf><esriterm Name="HRCD_2011_2013"><efeatyp Sync="TRUE">Simple</efeatyp><efeageom code="4" Sync="TRUE"></efeageom><esritopo Sync="TRUE">FALSE</esritopo><efeacnt Sync="TRUE">0</efeacnt><spindex Sync="TRUE">FALSE</spindex><linrefer Sync="TRUE">FALSE</linrefer></esriterm></ptvctinf></spdoinfo><mdDateSt Sync="TRUE">20160413</mdDateSt></metadata>
